{
  "metadata": {
    "schemaVersion": "1.0",
    "importType": "LEX",
    "importFormat": "JSON"
  },
  "resource": {
    "description": "risk stuff",
    "name": "riskLevel_two",
    "version": "1",
    "enumerationValues": [
      {
        "value": "High",
        "synonyms": [
          "high"
        ]
      },
      {
        "value": "Very Low",
        "synonyms": [
          "very low"
        ]
      },
      {
        "value": "Maximum",
        "synonyms": [
          "max",
          "maximum"
        ]
      },
      {
        "value": "Low",
        "synonyms": [
          "low"
        ]
      },
      {
        "value": "Medium",
        "synonyms": [
          "Medium"
        ]
      },
      {
        "value": "Very High",
        "synonyms": [
          "very high"
        ]
      },
      {
        "value": "None",
        "synonyms": [
          "min",
          "minimal",
          "none"
        ]
      }
    ],
    "valueSelectionStrategy": "TOP_RESOLUTION"
  }
}